-- phpMyAdmin SQL Dump
-- version 5.2.3
-- https://www.phpmyadmin.net/
--
-- Servidor: 127.0.0.1:3306
-- Tiempo de generación: 10-03-2026 a las 01:06:24
-- Versión del servidor: 8.4.7
-- Versión de PHP: 8.3.28

SET SQL_MODE = "NO_AUTO_VALUE_ON_ZERO";
START TRANSACTION;
SET time_zone = "+00:00";


/*!40101 SET @OLD_CHARACTER_SET_CLIENT=@@CHARACTER_SET_CLIENT */;
/*!40101 SET @OLD_CHARACTER_SET_RESULTS=@@CHARACTER_SET_RESULTS */;
/*!40101 SET @OLD_COLLATION_CONNECTION=@@COLLATION_CONNECTION */;
/*!40101 SET NAMES utf8mb4 */;

--
-- Base de datos: `amatista_sgi`
--

-- --------------------------------------------------------

--
-- Estructura de tabla para la tabla `clientes`
--

DROP TABLE IF EXISTS `clientes`;
CREATE TABLE IF NOT EXISTS `clientes` (
  `id` int NOT NULL AUTO_INCREMENT,
  `nombre` varchar(100) COLLATE utf8mb4_general_ci DEFAULT NULL,
  `telefono` varchar(20) COLLATE utf8mb4_general_ci DEFAULT NULL,
  `email` varchar(100) COLLATE utf8mb4_general_ci DEFAULT NULL,
  PRIMARY KEY (`id`)
) ENGINE=InnoDB AUTO_INCREMENT=103 DEFAULT CHARSET=utf8mb4 COLLATE=utf8mb4_general_ci;

--
-- Volcado de datos para la tabla `clientes`
--

INSERT INTO `clientes` (`id`, `nombre`, `telefono`, `email`) VALUES
(1, 'Matias Avila', '3004855049', 'helmunth@gmail.com'),
(2, 'Diana Maria', '3004855049', 'moa199@hotmail.com'),
(3, 'Alejandro Rodríguez', '310 456 7890', 'alejandro.rod@email.com'),
(4, 'Mariana Silva', '300 123 4455', 'marianasilva@gmail.com'),
(5, 'Juan Pablo Duarte', '315 778 9900', 'jp.duarte@outlook.com'),
(6, 'Valentina Gómez', '320 555 1234', 'valen.gomez@empresa.co'),
(7, 'Ricardo Mendoza', '311 987 6543', 'r.mendoza@servicios.net'),
(8, 'Gabriela Torres', '301 222 3344', 'gabi.torres@freemail.com'),
(9, 'Mateo Holguín', '318 444 5566', 'mholguin@academia.edu'),
(10, 'Lucía Méndez', '312 666 7788', 'lucia.mendez@consultora.com'),
(11, 'Sebastián Peña', '316 111 2233', 'spena@tecnologia.io'),
(12, 'Isabella Castro', '304 888 9900', 'isabella.c@hogar.com'),
(13, 'Andrés Felipe Arias', '313 123 4567', 'andres.arias@email.com'),
(14, 'Camila Restrepo', '302 987 6541', 'camila.res@outlook.com'),
(15, 'Diego Martínez', '317 456 1234', 'diego.mtz@gmail.com'),
(16, 'Sofía Ramírez', '310 999 8887', 'sofia.ram@empresa.com'),
(17, 'Nicolás Vargas', '314 333 4444', 'n.vargas@servicios.co'),
(18, 'Laura Posada', '305 222 1111', 'laura.p@freemail.com'),
(19, 'Samuel Bernal', '319 777 6666', 'sbernal@tecnologia.net'),
(20, 'Elena Giraldo', '321 555 4444', 'elena.g@hogar.io'),
(21, 'Julián Estrada', '300 111 2222', 'j.estrada@consultora.com'),
(22, 'Sara Villamizar', '315 888 7777', 'sara.villa@email.com'),
(23, 'Carlos Arturo López', '311 444 3333', 'carlos.lopez@empresa.com'),
(24, 'Ximena Duque', '301 666 5555', 'x.duque@outlook.com'),
(25, 'Martín Ferrero', '318 999 0000', 'mferrero@gmail.com'),
(26, 'Daniela Ortiz', '312 222 1111', 'dani.ortiz@servicios.net'),
(27, 'Fernando Ruiz', '316 333 2222', 'f.ruiz@freemail.com'),
(28, 'Paola Jiménez', '304 444 3333', 'paola.j@tecnologia.io'),
(29, 'Hugo Sánchez', '313 555 4444', 'hugo.s@consultora.com'),
(30, 'Beatriz Pinzón', '302 666 5555', 'b.pinzon@email.com'),
(31, 'Jorge Eliécer Gaitán', '317 777 6666', 'jorge.gaitan@empresa.co'),
(32, 'Mónica Galindo', '310 888 7777', 'monica.g@outlook.com'),
(33, 'Raúl Castro', '314 999 8888', 'raul.castro@gmail.com'),
(34, 'Andrea Serna', '305 111 0000', 'aserna@servicios.net'),
(35, 'Luis Carlos Galán', '319 222 1111', 'luis.galan@freemail.com'),
(36, 'Patricia Teherán', '321 333 2222', 'p.teheran@tecnologia.net'),
(37, 'Felipe Peláez', '300 444 3333', 'f.pelaez@consultora.com'),
(38, 'Claudia López', '315 555 4444', 'claudia.l@email.com'),
(39, 'Iván Duque', '311 666 5555', 'ivan.duque@empresa.com'),
(40, 'Gloria Valencia', '301 777 6666', 'gloria.v@outlook.com'),
(41, 'Hernán Peláez', '318 888 7777', 'hernan.p@gmail.com'),
(42, 'Vanessa De La Torre', '312 999 8888', 'vanessa.d@servicios.net'),
(43, 'Jorge Barón', '316 111 0000', 'jbaron@freemail.com'),
(44, 'Amparo Grisales', '304 222 1111', 'amparo.g@tecnologia.io'),
(45, 'Nairo Quintana', '313 333 2222', 'nairo.q@consultora.com'),
(46, 'Egan Bernal', '302 444 3333', 'egan.b@email.com'),
(47, 'Rigoberto Urán', '317 555 4444', 'rigo.uran@empresa.co'),
(48, 'Mariana Pajón', '310 666 5555', 'marianap@outlook.com'),
(49, 'James Rodríguez', '314 777 6666', 'james.r@gmail.com'),
(50, 'Falcao García', '305 888 7777', 'falcao.g@servicios.net'),
(51, 'Juan Guillermo Cuadrado', '319 999 8888', 'cuadrado@freemail.com'),
(52, 'David Ospina', '321 111 0000', 'd.ospina@tecnologia.net'),
(53, 'Luis Díaz', '300 222 1111', 'lucho.diaz@consultora.com'),
(54, 'Karol G', '315 333 2222', 'karolg@email.com'),
(55, 'J Balvin', '311 444 3333', 'jbalvin@empresa.com'),
(56, 'Shakira Mebarak', '301 555 4444', 'shakira@outlook.com'),
(57, 'Maluma Baby', '318 666 5555', 'maluma@gmail.com'),
(58, 'Carlos Vives', '312 777 6666', 'cvives@servicios.net'),
(59, 'Juanes Aristizábal', '316 888 7777', 'juanes@freemail.com'),
(60, 'Camilo Echeverry', '304 999 8888', 'camilo@tecnologia.io'),
(61, 'Greeicy Rendón', '313 111 0000', 'greeicy@consultora.com'),
(62, 'Mike Bahía', '302 222 1111', 'mike.bahia@email.com'),
(63, 'Sebastian Yatra', '317 333 2222', 'yatra@empresa.co'),
(64, 'Silvestre Dangond', '310 444 3333', 'silvestre@outlook.com'),
(65, 'Peter Manjarrés', '314 555 4444', 'peter@gmail.com'),
(66, 'Jorge Celedón', '305 666 5555', 'jorge.c@servicios.net'),
(67, 'Pipe Bueno', '319 777 6666', 'pipe.bueno@freemail.com'),
(68, 'Paola Jara', '321 888 7777', 'paolajara@tecnologia.net'),
(69, 'Jessi Uribe', '300 999 8888', 'jessi.uribe@consultora.com'),
(70, 'Arelys Henao', '315 111 0000', 'arelys@email.com'),
(71, 'Francy La Voz', '311 222 1111', 'francy@empresa.com'),
(72, 'Giovanny Ayala', '301 333 2222', 'giovanny@outlook.com'),
(73, 'Darío Gómez', '318 444 3333', 'dario.gomez@gmail.com'),
(74, 'Luis Alberto Posada', '312 555 4444', 'l.posada@servicios.net'),
(75, 'El Charrito Negro', '316 666 5555', 'charrito@freemail.com'),
(76, 'Yeison Jiménez', '304 777 6666', 'yeison@tecnologia.io'),
(77, 'Alzate Papá', '313 888 7777', 'alzate@consultora.com'),
(78, 'Jhon Alex Castaño', '302 999 8888', 'jhon.alex@email.com'),
(79, 'Lady Yuliana', '317 111 0000', 'lady.y@empresa.co'),
(80, 'Dareska Oficial', '310 222 1111', 'dareska@outlook.com'),
(81, 'John Onofre', '314 333 2222', 'jonofre@gmail.com'),
(82, 'Cholo Valderrama', '305 444 3333', 'cholo@servicios.net'),
(83, 'Reynaldo Armas', '319 555 4444', 'reynaldo@freemail.com'),
(84, 'Luis Silva', '321 666 5555', 'luissilva@tecnologia.net'),
(85, 'Walter Silva', '300 777 6666', 'walter@consultora.com'),
(86, 'Milena Benites', '315 888 7777', 'milena@email.com'),
(87, 'Yina Calderón', '311 999 8888', 'yina@empresa.com'),
(88, 'Epa Colombia', '301 111 0000', 'epa@outlook.com'),
(89, 'La Liendra', '318 222 1111', 'liendra@gmail.com'),
(90, 'Westcol Streamer', '312 333 2222', 'westcol@servicios.net'),
(91, 'Andrea Valdiri', '316 444 3333', 'valdiri@freemail.com'),
(92, 'Aida Victoria Merlano', '304 555 4444', 'aida.v@tecnologia.io'),
(93, 'Pautips Oficial', '313 666 5555', 'pautips@consultora.com'),
(94, 'Calle y Poché', '302 777 6666', 'calleypoche@email.com'),
(95, 'Lulu99 Oficial', '317 888 7777', 'lulu@empresa.co'),
(96, 'Ami Rodríguez', '310 999 8888', 'ami@outlook.com'),
(97, 'Sofía Castro', '314 111 0000', 'sofia.c@gmail.com'),
(98, 'Javier Ramírez', '305 222 1111', 'javier@servicios.net'),
(99, 'Matu Garcés', '319 333 2222', 'matu@freemail.com'),
(100, 'Kika Nieto', '321 444 3333', 'kika@tecnologia.net'),
(101, 'La Segura', '300 555 4444', 'segura@consultora.com'),
(102, 'El Mindo', '315 666 5555', 'mindo@email.com');

-- --------------------------------------------------------

--
-- Estructura de tabla para la tabla `detalle_venta`
--

DROP TABLE IF EXISTS `detalle_venta`;
CREATE TABLE IF NOT EXISTS `detalle_venta` (
  `id` int NOT NULL AUTO_INCREMENT,
  `id_venta` int NOT NULL,
  `id_producto` int NOT NULL,
  `cantidad` int NOT NULL,
  `precio_unitario` decimal(10,2) NOT NULL,
  PRIMARY KEY (`id`)
) ENGINE=MyISAM AUTO_INCREMENT=407 DEFAULT CHARSET=utf8mb4 COLLATE=utf8mb4_general_ci;

--
-- Volcado de datos para la tabla `detalle_venta`
--

INSERT INTO `detalle_venta` (`id`, `id_venta`, `id_producto`, `cantidad`, `precio_unitario`) VALUES
(1, 1, 1, 1, 145000.00),
(2, 2, 5, 1, 65000.00),
(3, 3, 7, 1, 320000.00),
(4, 4, 4, 1, 110000.00),
(5, 5, 10, 1, 190000.00),
(6, 6, 29, 1, 215000.00),
(7, 7, 45, 1, 340000.00),
(8, 8, 2, 1, 120000.00),
(9, 9, 22, 1, 450000.00),
(10, 10, 14, 1, 280000.00),
(11, 11, 25, 1, 160000.00),
(12, 12, 12, 1, 320000.00),
(13, 13, 19, 1, 175000.00),
(14, 14, 8, 1, 110000.00),
(15, 15, 50, 1, 280000.00),
(16, 16, 11, 1, 85000.00),
(17, 17, 22, 1, 450000.00),
(18, 18, 31, 1, 435000.00),
(19, 19, 31, 1, 270000.00),
(20, 20, 15, 1, 155000.00),
(21, 21, 28, 1, 115000.00),
(22, 22, 36, 1, 125000.00),
(23, 23, 42, 1, 850000.00),
(24, 24, 17, 1, 220000.00),
(25, 25, 39, 1, 310000.00),
(26, 26, 48, 1, 245000.00),
(27, 27, 13, 1, 135000.00),
(28, 28, 24, 1, 130000.00),
(29, 29, 44, 1, 350000.00),
(30, 30, 6, 1, 210000.00),
(31, 31, 10, 1, 190000.00),
(32, 32, 21, 1, 95000.00),
(33, 33, 32, 1, 95000.00),
(34, 34, 43, 1, 420000.00),
(35, 35, 16, 1, 240000.00),
(36, 36, 27, 1, 380000.00),
(37, 37, 38, 1, 230000.00),
(38, 38, 49, 1, 290000.00),
(39, 39, 18, 1, 140000.00),
(40, 40, 29, 1, 215000.00),
(41, 41, 40, 1, 185000.00),
(42, 42, 23, 1, 180000.00),
(43, 43, 34, 1, 195000.00),
(44, 44, 45, 1, 340000.00),
(45, 45, 12, 1, 320000.00),
(46, 46, 25, 1, 160000.00),
(47, 47, 37, 1, 260000.00),
(48, 48, 47, 1, 135000.00),
(49, 49, 26, 1, 550000.00),
(50, 50, 30, 1, 480000.00),
(51, 1, 15, 1, 155000.00),
(52, 3, 22, 1, 450000.00),
(53, 5, 8, 1, 45000.00),
(54, 7, 1, 1, 145000.00),
(55, 9, 10, 1, 190000.00),
(56, 11, 5, 1, 65000.00),
(57, 13, 2, 1, 120000.00),
(58, 15, 12, 1, 320000.00),
(59, 17, 33, 1, 450000.00),
(60, 19, 40, 1, 185000.00),
(61, 21, 14, 1, 280000.00),
(62, 23, 9, 1, 250000.00),
(63, 25, 4, 1, 110000.00),
(64, 27, 3, 1, 185000.00),
(65, 29, 21, 1, 95000.00),
(66, 31, 44, 1, 350000.00),
(67, 33, 39, 1, 310000.00),
(68, 35, 36, 1, 125000.00),
(69, 37, 11, 1, 85000.00),
(70, 39, 50, 1, 280000.00),
(71, 41, 17, 1, 220000.00),
(72, 43, 19, 1, 175000.00),
(73, 45, 24, 1, 130000.00),
(74, 47, 28, 1, 115000.00),
(75, 49, 32, 1, 95000.00),
(76, 2, 7, 1, 320000.00),
(77, 4, 13, 1, 135000.00),
(78, 6, 16, 1, 240000.00),
(79, 8, 20, 1, 190000.00),
(80, 10, 23, 1, 180000.00),
(81, 12, 27, 1, 380000.00),
(82, 14, 30, 1, 480000.00),
(83, 16, 34, 1, 195000.00),
(84, 18, 38, 1, 230000.00),
(85, 20, 43, 1, 420000.00),
(86, 22, 47, 1, 135000.00),
(87, 24, 49, 1, 290000.00),
(88, 26, 18, 1, 140000.00),
(89, 28, 42, 1, 850000.00),
(90, 30, 31, 1, 270000.00),
(91, 32, 45, 1, 340000.00),
(92, 34, 48, 1, 245000.00),
(93, 36, 1, 1, 145000.00),
(94, 38, 5, 1, 65000.00),
(95, 40, 12, 1, 320000.00),
(96, 42, 22, 1, 450000.00),
(97, 44, 2, 1, 120000.00),
(98, 46, 10, 1, 190000.00),
(99, 48, 14, 1, 280000.00),
(100, 50, 25, 1, 160000.00),
(101, 51, 3, 1, 210000.00),
(102, 52, 45, 1, 340000.00),
(103, 53, 18, 1, 185000.00),
(104, 54, 22, 1, 450000.00),
(105, 55, 7, 1, 320000.00),
(106, 56, 10, 1, 190000.00),
(107, 57, 35, 1, 580000.00),
(108, 58, 2, 1, 120000.00),
(109, 59, 14, 1, 280000.00),
(110, 60, 50, 1, 280000.00),
(111, 61, 25, 1, 160000.00),
(112, 62, 33, 1, 450000.00),
(113, 63, 1, 1, 145000.00),
(114, 64, 8, 1, 110000.00),
(115, 65, 42, 1, 850000.00),
(116, 66, 19, 1, 175000.00),
(117, 67, 6, 1, 210000.00),
(118, 68, 28, 1, 115000.00),
(119, 69, 37, 1, 260000.00),
(120, 70, 12, 1, 320000.00),
(121, 51, 10, 1, 190000.00),
(122, 53, 5, 1, 65000.00),
(123, 55, 8, 1, 45000.00),
(124, 57, 1, 1, 145000.00),
(125, 59, 12, 1, 320000.00),
(126, 61, 2, 1, 120000.00),
(127, 63, 15, 1, 155000.00),
(128, 65, 22, 1, 450000.00),
(129, 67, 33, 1, 450000.00),
(130, 69, 40, 1, 185000.00),
(131, 71, 14, 1, 280000.00),
(132, 73, 9, 1, 250000.00),
(133, 71, 5, 1, 130000.00),
(134, 72, 20, 1, 190000.00),
(135, 73, 39, 1, 310000.00),
(136, 74, 48, 1, 245000.00),
(137, 75, 15, 1, 155000.00),
(138, 76, 24, 1, 130000.00),
(139, 77, 36, 1, 125000.00),
(140, 78, 44, 1, 350000.00),
(141, 79, 13, 1, 135000.00),
(142, 80, 27, 1, 380000.00),
(143, 81, 49, 1, 290000.00),
(144, 82, 16, 1, 240000.00),
(145, 83, 40, 1, 185000.00),
(146, 84, 21, 1, 95000.00),
(147, 85, 32, 1, 95000.00),
(148, 86, 43, 1, 420000.00),
(149, 87, 11, 1, 85000.00),
(150, 88, 34, 1, 195000.00),
(151, 89, 26, 1, 550000.00),
(152, 90, 30, 1, 480000.00),
(153, 91, 38, 1, 230000.00),
(154, 92, 4, 1, 110000.00),
(155, 93, 17, 1, 220000.00),
(156, 94, 23, 1, 180000.00),
(157, 95, 47, 1, 135000.00),
(158, 96, 9, 1, 435000.00),
(159, 97, 46, 1, 720000.00),
(160, 98, 29, 1, 215000.00),
(161, 99, 35, 1, 580000.00),
(162, 100, 41, 1, 150000.00),
(163, 71, 1, 1, 145000.00),
(164, 73, 6, 1, 210000.00),
(165, 75, 10, 1, 190000.00),
(166, 77, 14, 1, 280000.00),
(167, 79, 18, 1, 140000.00),
(168, 81, 22, 1, 450000.00),
(169, 83, 26, 1, 550000.00),
(170, 85, 30, 1, 480000.00),
(171, 87, 34, 1, 195000.00),
(172, 89, 38, 1, 230000.00),
(173, 91, 42, 1, 850000.00),
(174, 93, 46, 1, 720000.00),
(175, 95, 50, 1, 280000.00),
(176, 97, 3, 1, 210000.00),
(177, 99, 7, 1, 365000.00),
(178, 52, 11, 1, 85000.00),
(179, 54, 15, 1, 155000.00),
(180, 56, 19, 1, 175000.00),
(181, 58, 23, 1, 180000.00),
(182, 60, 27, 1, 380000.00),
(183, 62, 31, 1, 270000.00),
(184, 64, 35, 1, 580000.00),
(185, 66, 39, 1, 310000.00),
(186, 68, 43, 1, 420000.00),
(187, 70, 47, 1, 135000.00),
(188, 72, 2, 1, 120000.00),
(189, 74, 6, 1, 210000.00),
(190, 76, 10, 1, 190000.00),
(191, 78, 14, 1, 280000.00),
(192, 80, 18, 1, 140000.00),
(193, 82, 22, 1, 450000.00),
(194, 84, 26, 1, 550000.00),
(195, 86, 30, 1, 480000.00),
(196, 88, 34, 1, 195000.00),
(197, 90, 38, 1, 230000.00),
(198, 92, 42, 1, 850000.00),
(199, 94, 46, 1, 720000.00),
(200, 96, 50, 1, 280000.00),
(201, 98, 4, 1, 110000.00),
(202, 100, 8, 1, 110000.00),
(203, 1, 1, 1, 145000.00),
(204, 2, 5, 1, 65000.00),
(205, 3, 7, 1, 320000.00),
(206, 4, 4, 1, 110000.00),
(207, 5, 10, 1, 190000.00),
(208, 6, 29, 1, 215000.00),
(209, 7, 45, 1, 340000.00),
(210, 8, 2, 1, 120000.00),
(211, 9, 22, 1, 450000.00),
(212, 10, 14, 1, 280000.00),
(213, 11, 25, 1, 160000.00),
(214, 12, 12, 1, 320000.00),
(215, 13, 19, 1, 175000.00),
(216, 14, 8, 1, 110000.00),
(217, 15, 50, 1, 280000.00),
(218, 16, 11, 1, 85000.00),
(219, 17, 22, 1, 450000.00),
(220, 18, 31, 1, 435000.00),
(221, 19, 31, 1, 270000.00),
(222, 20, 15, 1, 155000.00),
(223, 21, 28, 1, 115000.00),
(224, 22, 36, 1, 125000.00),
(225, 23, 42, 1, 850000.00),
(226, 24, 17, 1, 220000.00),
(227, 25, 39, 1, 310000.00),
(228, 26, 48, 1, 245000.00),
(229, 27, 13, 1, 135000.00),
(230, 28, 24, 1, 130000.00),
(231, 29, 44, 1, 350000.00),
(232, 30, 6, 1, 210000.00),
(233, 31, 10, 1, 190000.00),
(234, 32, 21, 1, 95000.00),
(235, 33, 32, 1, 95000.00),
(236, 34, 43, 1, 420000.00),
(237, 35, 16, 1, 240000.00),
(238, 36, 27, 1, 380000.00),
(239, 37, 38, 1, 230000.00),
(240, 38, 49, 1, 290000.00),
(241, 39, 18, 1, 140000.00),
(242, 40, 29, 1, 215000.00),
(243, 41, 40, 1, 185000.00),
(244, 42, 23, 1, 180000.00),
(245, 43, 34, 1, 195000.00),
(246, 44, 45, 1, 340000.00),
(247, 45, 12, 1, 320000.00),
(248, 46, 25, 1, 160000.00),
(249, 47, 37, 1, 260000.00),
(250, 48, 47, 1, 135000.00),
(251, 49, 26, 1, 550000.00),
(252, 50, 30, 1, 480000.00),
(253, 1, 15, 1, 155000.00),
(254, 3, 22, 1, 450000.00),
(255, 5, 8, 1, 45000.00),
(256, 7, 1, 1, 145000.00),
(257, 9, 10, 1, 190000.00),
(258, 11, 5, 1, 65000.00),
(259, 13, 2, 1, 120000.00),
(260, 15, 12, 1, 320000.00),
(261, 17, 33, 1, 450000.00),
(262, 19, 40, 1, 185000.00),
(263, 21, 14, 1, 280000.00),
(264, 23, 9, 1, 250000.00),
(265, 25, 4, 1, 110000.00),
(266, 27, 3, 1, 185000.00),
(267, 29, 21, 1, 95000.00),
(268, 31, 44, 1, 350000.00),
(269, 33, 39, 1, 310000.00),
(270, 35, 36, 1, 125000.00),
(271, 37, 11, 1, 85000.00),
(272, 39, 50, 1, 280000.00),
(273, 41, 17, 1, 220000.00),
(274, 43, 19, 1, 175000.00),
(275, 45, 24, 1, 130000.00),
(276, 47, 28, 1, 115000.00),
(277, 49, 32, 1, 95000.00),
(278, 2, 7, 1, 320000.00),
(279, 4, 13, 1, 135000.00),
(280, 6, 16, 1, 240000.00),
(281, 8, 20, 1, 190000.00),
(282, 10, 23, 1, 180000.00),
(283, 12, 27, 1, 380000.00),
(284, 14, 30, 1, 480000.00),
(285, 16, 34, 1, 195000.00),
(286, 18, 38, 1, 230000.00),
(287, 20, 43, 1, 420000.00),
(288, 22, 47, 1, 135000.00),
(289, 24, 49, 1, 290000.00),
(290, 26, 18, 1, 140000.00),
(291, 28, 42, 1, 850000.00),
(292, 30, 31, 1, 270000.00),
(293, 32, 45, 1, 340000.00),
(294, 34, 48, 1, 245000.00),
(295, 36, 1, 1, 145000.00),
(296, 38, 5, 1, 65000.00),
(297, 40, 12, 1, 320000.00),
(298, 42, 22, 1, 450000.00),
(299, 44, 2, 1, 120000.00),
(300, 46, 10, 1, 190000.00),
(301, 48, 14, 1, 280000.00),
(302, 50, 25, 1, 160000.00),
(303, 51, 3, 1, 210000.00),
(304, 52, 45, 1, 340000.00),
(305, 53, 18, 1, 185000.00),
(306, 54, 22, 1, 450000.00),
(307, 55, 7, 1, 320000.00),
(308, 56, 10, 1, 190000.00),
(309, 57, 35, 1, 580000.00),
(310, 58, 2, 1, 120000.00),
(311, 59, 14, 1, 280000.00),
(312, 60, 50, 1, 280000.00),
(313, 61, 25, 1, 160000.00),
(314, 62, 33, 1, 450000.00),
(315, 63, 1, 1, 145000.00),
(316, 64, 8, 1, 110000.00),
(317, 65, 42, 1, 850000.00),
(318, 66, 19, 1, 175000.00),
(319, 67, 6, 1, 210000.00),
(320, 68, 28, 1, 115000.00),
(321, 69, 37, 1, 260000.00),
(322, 70, 12, 1, 320000.00),
(323, 51, 10, 1, 190000.00),
(324, 53, 5, 1, 65000.00),
(325, 55, 8, 1, 45000.00),
(326, 57, 1, 1, 145000.00),
(327, 59, 12, 1, 320000.00),
(328, 61, 2, 1, 120000.00),
(329, 63, 15, 1, 155000.00),
(330, 65, 22, 1, 450000.00),
(331, 67, 33, 1, 450000.00),
(332, 69, 40, 1, 185000.00),
(333, 71, 14, 1, 280000.00),
(334, 73, 9, 1, 250000.00),
(335, 71, 5, 1, 130000.00),
(336, 72, 20, 1, 190000.00),
(337, 73, 39, 1, 310000.00),
(338, 74, 48, 1, 245000.00),
(339, 75, 15, 1, 155000.00),
(340, 76, 24, 1, 130000.00),
(341, 77, 36, 1, 125000.00),
(342, 78, 44, 1, 350000.00),
(343, 79, 13, 1, 135000.00),
(344, 80, 27, 1, 380000.00),
(345, 81, 49, 1, 290000.00),
(346, 82, 16, 1, 240000.00),
(347, 83, 40, 1, 185000.00),
(348, 84, 21, 1, 95000.00),
(349, 85, 32, 1, 95000.00),
(350, 86, 43, 1, 420000.00),
(351, 87, 11, 1, 85000.00),
(352, 88, 34, 1, 195000.00),
(353, 89, 26, 1, 550000.00),
(354, 90, 30, 1, 480000.00),
(355, 91, 38, 1, 230000.00),
(356, 92, 4, 1, 110000.00),
(357, 93, 17, 1, 220000.00),
(358, 94, 23, 1, 180000.00),
(359, 95, 47, 1, 135000.00),
(360, 96, 9, 1, 435000.00),
(361, 97, 46, 1, 720000.00),
(362, 98, 29, 1, 215000.00),
(363, 99, 35, 1, 580000.00),
(364, 100, 41, 1, 150000.00),
(365, 71, 1, 1, 145000.00),
(366, 73, 6, 1, 210000.00),
(367, 75, 10, 1, 190000.00),
(368, 77, 14, 1, 280000.00),
(369, 79, 18, 1, 140000.00),
(370, 81, 22, 1, 450000.00),
(371, 83, 26, 1, 550000.00),
(372, 85, 30, 1, 480000.00),
(373, 87, 34, 1, 195000.00),
(374, 89, 38, 1, 230000.00),
(375, 91, 42, 1, 850000.00),
(376, 93, 46, 1, 720000.00),
(377, 95, 50, 1, 280000.00),
(378, 97, 3, 1, 210000.00),
(379, 99, 7, 1, 365000.00),
(380, 52, 11, 1, 85000.00),
(381, 54, 15, 1, 155000.00),
(382, 56, 19, 1, 175000.00),
(383, 58, 23, 1, 180000.00),
(384, 60, 27, 1, 380000.00),
(385, 62, 31, 1, 270000.00),
(386, 64, 35, 1, 580000.00),
(387, 66, 39, 1, 310000.00),
(388, 68, 43, 1, 420000.00),
(389, 70, 47, 1, 135000.00),
(390, 72, 2, 1, 120000.00),
(391, 74, 6, 1, 210000.00),
(392, 76, 10, 1, 190000.00),
(393, 78, 14, 1, 280000.00),
(394, 80, 18, 1, 140000.00),
(395, 82, 22, 1, 450000.00),
(396, 84, 26, 1, 550000.00),
(397, 86, 30, 1, 480000.00),
(398, 88, 34, 1, 195000.00),
(399, 90, 38, 1, 230000.00),
(400, 92, 42, 1, 850000.00),
(401, 94, 46, 1, 720000.00),
(402, 96, 50, 1, 280000.00),
(403, 98, 4, 1, 110000.00),
(404, 100, 8, 1, 110000.00),
(405, 104, 23, 1, 95000.00),
(406, 104, 60, 1, 410000.00);

-- --------------------------------------------------------

--
-- Estructura de tabla para la tabla `productos`
--

DROP TABLE IF EXISTS `productos`;
CREATE TABLE IF NOT EXISTS `productos` (
  `id` int NOT NULL AUTO_INCREMENT,
  `nombre` varchar(100) COLLATE utf8mb4_general_ci DEFAULT NULL,
  `marca` varchar(100) COLLATE utf8mb4_general_ci DEFAULT NULL,
  `talla` varchar(10) COLLATE utf8mb4_general_ci DEFAULT NULL,
  `color` varchar(50) COLLATE utf8mb4_general_ci DEFAULT NULL,
  `precio` decimal(10,2) DEFAULT NULL,
  `stock` int DEFAULT NULL,
  PRIMARY KEY (`id`)
) ENGINE=InnoDB AUTO_INCREMENT=103 DEFAULT CHARSET=utf8mb4 COLLATE=utf8mb4_general_ci;

--
-- Volcado de datos para la tabla `productos`
--

INSERT INTO `productos` (`id`, `nombre`, `marca`, `talla`, `color`, `precio`, `stock`) VALUES
(1, 'Tenis deportivo', 'Nike', '38', '', 120000.00, 9),
(2, 'Sandalia', 'Adidas', '37', '', 80000.00, 5),
(3, 'Sandalia Romana Tacón', 'Vizzano', '37', 'Miel', 145000.00, 12),
(4, 'Tenis Casual Plataforma', 'Price Shoes', '36', 'Blanco/Rosa', 120000.00, 3),
(5, 'Botín Cuero Sintético', 'Moleca', '38', 'Negro', 185000.00, 15),
(6, 'Stiletto Clásico', 'Bata', '35', 'Rojo Pasión', 110000.00, 4),
(7, 'Baleta Punta Fina', 'Spring Step', '39', 'Nude', 65000.00, 20),
(8, 'Mocasín Elegante', 'Vélez', '37', 'Azul Turquí', 210000.00, 8),
(9, 'Tenis Deportivo Running', 'Nike', '38', 'Gris/Fucsia', 320000.00, 5),
(10, 'Sandalia Playera Plana', 'Ipanema', '36', 'Dorado', 45000.00, 30),
(11, 'Bota Alta Gamuza', 'Cuesta Blanca', '37', 'Café', 250000.00, 2),
(12, 'Zapatilla Noche Brillos', 'ZARA', '36', 'Plateado', 190000.00, 6),
(13, 'Alpargata Floral', 'Toms', '35', 'Multicolor', 85000.00, 12),
(14, 'Tenis Urbano Star', 'Converse', '38', 'Negro/Blanco', 165000.00, 4),
(15, 'Sandalia Cuña Corcho', 'Azaleia', '37', 'Beige', 135000.00, 10),
(16, 'Bota Militar Cordones', 'Bosi', '39', 'Verde Oliva', 280000.00, 7),
(17, 'Zapato Oxford Charol', 'Clarks', '36', 'Negro', 155000.00, 3),
(18, 'Tenis Slip-On', 'Skechers', '37', 'Lavanda', 240000.00, 18),
(19, 'Sandalia Gladiadora', 'Steve Madden', '38', 'Bronce', 220000.00, 5),
(20, 'Botín Chelsea Elástico', 'H&M', '37', 'Vino Tinto', 140000.00, 7),
(21, 'Zueco Madera Vintage', 'Hasbeens', '36', 'Mostaza', 175000.00, 2),
(22, 'Tenis Chunky Retro', 'Fila', '38', 'Blanco Total', 290000.00, 11),
(23, 'Baleta Moño Satin', 'Pretty Ballerinas', '35', 'Rosado Pastel', 95000.00, 11),
(24, 'Zapato Reina Clásico', 'Ferragamo', '37', 'Negro Mate', 450000.00, 5),
(25, 'Tenis Skater', 'Vans', '39', 'Cuadros B/N', 180000.00, 8),
(26, 'Sandalia Tira Transparente', 'Public Desire', '36', 'Cristal', 130000.00, 4),
(27, 'Bota Lluvia Estampada', 'Hunter', '38', 'Amarillo', 160000.00, 10),
(28, 'Mule Terciopelo', 'Gucci', '37', 'Verde Esmeralda', 550000.00, 3),
(29, 'Tenis Trail Montaña', 'Salomon', '39', 'Azul/Naranja', 380000.00, 6),
(30, 'Sandalia Plataforma Yute', 'Pull&Bear', '36', 'Natural', 115000.00, 15),
(31, 'Botín Tacón Aguja', 'Nine West', '37', 'Gris Oxford', 215000.00, 4),
(32, 'Zapatilla Mary Jane', 'Prada', '35', 'Rojo Cereza', 480000.00, 2),
(33, 'Tenis Piel Animal Print', 'Adidas', '38', 'Leopardo', 270000.00, 7),
(34, 'Sandalia Minimalista', 'Mango', '37', 'Blanco Off-White', 95000.00, 12),
(35, 'Bota Ecuestre Piel', 'Massimo Dutti', '39', 'Tabaco', 320000.00, 3),
(36, 'Zapato Salón Escotado', 'Lodi', '36', 'Champagne', 195000.00, 9),
(37, 'Tenis Calcetín Confort', 'Balenciaga', '38', 'Negro/Fucsia', 580000.00, 2),
(38, 'Sandalia Tacón Bloque', 'Stradivarius', '37', 'Lila', 125000.00, 10),
(39, 'Botín Cowboy Bordado', 'Jeffrey Campbell', '38', 'Crema', 260000.00, 4),
(40, 'Zapato Plataforma Gótica', 'Demonia', '36', 'Negro Charol', 230000.00, 6),
(41, 'Tenis Cuero Ecológico', 'Veja', '37', 'Blanco/Verde', 310000.00, 12),
(42, 'Sandalia Bio Anatómica', 'Birkenstock', '39', 'Marrón', 185000.00, 15),
(43, 'Bota Arrugada (Slouchy)', 'Bershka', '37', 'Gris Perla', 150000.00, 8),
(44, 'Zapatilla Peep Toe', 'Christian Louboutin', '36', 'Nude/Suela Roja', 850000.00, 1),
(45, 'Tenis Basket High', 'Jordan', '38', 'Negro/Rojo', 420000.00, 5),
(46, 'Sandalia Joya Pedrería', 'Badgley Mischka', '35', 'Marfil', 350000.00, 3),
(47, 'Botín Hebillas Rocker', 'Dr. Martens', '39', 'Burdeos', 340000.00, 7),
(48, 'Zapato Destalonado', 'Chanel', '37', 'Beige/Negro', 720000.00, 2),
(49, 'Tenis Lona Clásicos', 'Superga', '36', 'Azul Cielo', 135000.00, 20),
(50, 'Sandalia Flip Flop Lujo', 'Tory Burch', '37', 'Negro/Oro', 245000.00, 9),
(51, 'Bota Nieve Peluche', 'UGG', '38', 'Arena', 290000.00, 6),
(52, 'Mocasín Plataforma', 'Tod\'s', '36', 'Azul Marino', 280000.00, 4),
(53, 'Zapatilla D\'Orsay', 'Aldo', '35', 'Fucsia Neón', 165000.00, 11),
(54, 'Tenis Tenis Retro 70s', 'New Balance', '38', 'Gris/Navy', 315000.00, 8),
(55, 'Sandalia Cuerda Nudos', 'Nomadic State', '37', 'Camel', 98000.00, 14),
(56, 'Botín Punta Cuadrada', 'Topshop', '36', 'Blanco Hueso', 145000.00, 5),
(57, 'Zapato T-Strap Retro', 'Miss L Fire', '35', 'Verde Agua', 185000.00, 3),
(58, 'Tenis Entrenamiento HIit', 'Reebok', '37', 'Negro/Coral', 225000.00, 10),
(59, 'Sandalia Cuero Crudo', 'Pikolinos', '39', ' Brandy', 195000.00, 12),
(60, 'Bota Mosquetera XL', 'Stuart Weitzman', '37', 'Negro Gamuza', 410000.00, 3),
(61, 'Zapato Brogue Bicolor', 'Church\'s', '38', 'B/N', 360000.00, 2),
(62, 'Tenis Plataforma Glitter', 'Victoria', '36', 'Rosa Brillante', 110000.00, 15),
(63, 'Sandalia Tacón Carrete', 'Jacquemus', '37', 'Naranja Quemado', 390000.00, 3),
(64, 'Botín Tacón Madera', 'Chloe', '38', 'Chocolate', 450000.00, 2),
(65, 'Zapatilla Slingback Low', 'Dior', '36', 'Negro Logo', 680000.00, 1),
(66, 'Tenis Plataforma Goma', 'Superdry', '37', 'Menta', 155000.00, 7),
(67, 'Sandalia Esparto Alta', 'Castaner', '35', 'Azul Cobalto', 140000.00, 9),
(68, 'Bota Cuero Envejecido', 'Frye', '39', 'Marrón Oscuro', 330000.00, 5),
(69, 'Zapato Monk Strap', 'Loake', '37', 'Vino', 210000.00, 4),
(70, 'Tenis Running Pro', 'Asics', '38', 'Turquesa', 365000.00, 6),
(71, 'Sandalia Romana Plana', 'Ancient Greek', '36', 'Cuero Natural', 180000.00, 8),
(72, 'Botín Chelsea Gamuza', 'Blundstone', '37', 'Arena', 240000.00, 10),
(73, 'Zapato Ballet Rígido', 'Repetto', '35', 'Rosa Palo', 210000.00, 12),
(74, 'Tenis Skateboard Pro', 'DC Shoes', '39', 'Negro/Gris', 195000.00, 9),
(75, 'Sandalia Nudo Piel', 'Bottega Veneta', '37', 'Azul Pastel', 590000.00, 2),
(76, 'Bota Media Caña', 'Geox', '38', 'Negro Impermeable', 255000.00, 6),
(77, 'Zapato Abotinado', 'L’Autre Chose', '36', 'Ceniza', 185000.00, 4),
(78, 'Tenis Urbano Minimal', 'Common Projects', '37', 'Blanco Premium', 420000.00, 3),
(79, 'Sandalia Wrap-Around', 'Aquazzura', '35', 'Rojo Fuego', 380000.00, 4),
(80, 'Botín Plataforma Track', 'Eytys', '38', 'Negro', 290000.00, 7),
(81, 'Zapato Derby Calado', 'Tricker\'s', '39', 'Miel', 310000.00, 5),
(82, 'Tenis Classic Nylon', 'Puma', '36', 'Verde Bosque', 175000.00, 11),
(83, 'Sandalia Tacón Embudo', 'The Row', '37', 'Marfil', 520000.00, 2),
(84, 'Bota Chelsea Chunky', 'Ganni', '38', 'Verde Militar', 275000.00, 5),
(85, 'Zapato Escarpín Tejido', 'Fendi', '36', 'Multicolor', 495000.00, 3),
(86, 'Tenis Skate Canvas', 'Keds', '35', 'Blanco', 105000.00, 20),
(87, 'Sandalia Anudada Tobillo', 'Gianvito Rossi', '37', 'Dorado Rosa', 410000.00, 4),
(88, 'Botín Western Puntera', 'Isabel Marant', '38', 'Negro/Plata', 385000.00, 5),
(89, 'Zapato Oxford Cuero', 'Grenson', '39', 'Tan', 265000.00, 4),
(90, 'Tenis Moda Casual', 'Lacoste', '36', 'Blanco/Azul', 285000.00, 8),
(91, 'Sandalia Plana Minimal', 'Tkees', '37', 'Nude 02', 85000.00, 18),
(92, 'Bota Trekking Lujo', 'Moncler', '38', 'Negro Brillo', 520000.00, 3),
(93, 'Zapato Salon Glitter', 'Jimmy Choo', '36', 'Degradado Azul', 790000.00, 2),
(94, 'Tenis Deporte Interior', 'Mizuno', '37', 'Blanco/Lila', 245000.00, 7),
(95, 'Sandalia Slide Acolchada', 'Saint Laurent', '38', 'Negro Piel', 430000.00, 5),
(96, 'Botín Montaña Chic', 'Sorel', '39', 'Canela', 215000.00, 9),
(97, 'Zapato Fiesta Satin', 'Manolo Blahnik', '37', 'Azul Royal', 890000.00, 1),
(98, 'Tenis Lifestyle Sport', 'Under Armour', '36', 'Gris Zen', 195000.00, 12),
(99, 'Sandalia Taco Chino', 'Havaianas', '35', 'Negro/Brillo', 65000.00, 25),
(100, 'Bota Motorista Hebilla', 'Frye', '38', 'Cuero Viejo', 340000.00, 4),
(101, 'Zapato Comodidad Total', 'Clarks Unstructured', '37', 'Negro', 180000.00, 14),
(102, 'Tenis Fashion Star', 'Golden Goose', '36', 'Vintage White', 460000.00, 3);

-- --------------------------------------------------------

--
-- Estructura de tabla para la tabla `proveedores`
--

DROP TABLE IF EXISTS `proveedores`;
CREATE TABLE IF NOT EXISTS `proveedores` (
  `id` int NOT NULL AUTO_INCREMENT,
  `nombre` varchar(100) COLLATE utf8mb4_general_ci DEFAULT NULL,
  `telefono` varchar(20) COLLATE utf8mb4_general_ci DEFAULT NULL,
  `empresa` varchar(100) COLLATE utf8mb4_general_ci DEFAULT NULL,
  PRIMARY KEY (`id`)
) ENGINE=InnoDB AUTO_INCREMENT=52 DEFAULT CHARSET=utf8mb4 COLLATE=utf8mb4_general_ci;

--
-- Volcado de datos para la tabla `proveedores`
--

INSERT INTO `proveedores` (`id`, `nombre`, `telefono`, `empresa`) VALUES
(1, 'Carlos Ruiz', '310 444 5566', 'Distribuidora Vizzano Col'),
(2, 'Elena Martínez', '300 123 9988', 'Calzado Moleca Mayorista'),
(3, 'Ricardo Gómez', '315 777 2233', 'Importaciones Price Shoes'),
(4, 'Sofía Lara', '320 555 1100', 'Bata Industrias S.A.'),
(5, 'Andrés Castro', '311 987 4455', 'Spring Step Manufactura'),
(6, 'Gabriela Pineda', '301 222 8877', 'Vélez Cueros y Accesorios'),
(7, 'Mateo Salazar', '318 444 1122', 'Nike Colombia Group'),
(8, 'Lucía Beltrán', '312 666 3344', 'Ipanema Sandals Dist'),
(9, 'Sebastián Mora', '316 111 5566', 'ZARA Logistics Latam'),
(10, 'Isabella Ortiz', '304 888 2211', 'Converse Central de Abastos'),
(11, 'Felipe Arias', '313 123 9900', 'Skechers Performance SAS'),
(12, 'Camila Rojas', '302 987 1122', 'Steve Madden Import'),
(13, 'Diego Franco', '317 456 8899', 'H&M Global Sourcing'),
(14, 'Valeria Duque', '310 999 5544', 'Fila Sportwear Distribución'),
(15, 'Nicolás Hoyos', '314 333 7788', 'Vans Urban Wear'),
(16, 'Laura Méndez', '305 222 9900', 'Mango Fashion Shoes'),
(17, 'Samuel Rico', '319 777 3344', 'Adidas Group Colombia'),
(18, 'Elena Sanz', '321 555 8877', 'Massimo Dutti Shoes'),
(19, 'Julián Toro', '300 111 6655', 'Birkenstock Confort SAS'),
(20, 'Sara Cruz', '315 888 2211', 'Bershka Retail Calzado'),
(21, 'Carlos López', '311 444 9988', 'Jordan Brand Select'),
(22, 'Ximena Gil', '301 666 3344', 'Jimmy Choo Luxury Dist'),
(23, 'Martín Paz', '318 999 1122', 'Puma Energy Footwear'),
(24, 'Daniela Soler', '312 222 5566', 'Reebok Classic Col'),
(25, 'Fernando Rey', '316 333 8899', 'Clarks Tradición Inglesa'),
(26, 'Paola Luna', '304 444 1100', 'Aldo Group International'),
(27, 'Hugo Peña', '313 555 2233', 'New Balance Athletic'),
(28, 'Beatriz Marín', '302 666 4455', 'Toms Eco-Footwear'),
(29, 'Jorge Villa', '317 777 9900', 'Sorels Boots & More'),
(30, 'Mónica Soto', '310 888 1122', 'Under Armour Sport'),
(31, 'Raúl Mesa', '314 999 3344', 'Havaianas Colombia SAS'),
(32, 'Andrea Cano', '305 111 5566', 'Dr. Martens Original'),
(33, 'Luis Vera', '319 222 8899', 'Lacoste Footwear Dist'),
(34, 'Patricia Lima', '321 333 1100', 'Geox Breathable Shoes'),
(35, 'Felipe Vega', '300 444 2233', 'Asics Running Experts'),
(36, 'Claudia Ros', '315 555 4455', 'Salomon Outdoor Gears'),
(37, 'Iván Juez', '311 666 9900', 'Superga Canvas Dist'),
(38, 'Gloria Sol', '301 777 1122', 'Tory Burch Luxury'),
(39, 'Hernán Polo', '318 888 3344', 'UGG Australia Comfort'),
(40, 'Vanessa Luz', '312 999 5566', 'Tod\'s Italian Leather'),
(41, 'Jorge Galán', '316 111 8899', 'Castaner Espadrilles'),
(42, 'Amparo Miel', '304 222 1100', 'Nomadic State Cord '),
(43, 'Nairo Rueda', '313 333 2233', 'Church\'s Footwear SAS'),
(44, 'Egan Veloz', '302 444 4455', 'Jacquemus Design Dist'),
(45, 'Rigo Pedal', '317 555 9900', 'Dior Global Luxury'),
(46, 'Mariana Oro', '310 666 1122', 'Fendi Fashion House'),
(47, 'James Goles', '314 777 3344', 'Gucci High Fashion'),
(48, 'Falcao Tigre', '305 888 5566', 'Prada Group Latam'),
(49, 'Juan Cuadrado', '319 999 8899', 'Balenciaga Urban Dist'),
(50, 'David Muro', '321 111 1100', 'Bottega Veneta Shoes');

-- --------------------------------------------------------

--
-- Estructura de tabla para la tabla `usuarios`
--

DROP TABLE IF EXISTS `usuarios`;
CREATE TABLE IF NOT EXISTS `usuarios` (
  `id` int NOT NULL AUTO_INCREMENT,
  `usuario` varchar(50) COLLATE utf8mb4_general_ci DEFAULT NULL,
  `password` varchar(255) COLLATE utf8mb4_general_ci DEFAULT NULL,
  PRIMARY KEY (`id`)
) ENGINE=InnoDB AUTO_INCREMENT=3 DEFAULT CHARSET=utf8mb4 COLLATE=utf8mb4_general_ci;

--
-- Volcado de datos para la tabla `usuarios`
--

INSERT INTO `usuarios` (`id`, `usuario`, `password`) VALUES
(1, 'admin', 'e10adc3949ba59abbe56e057f20f883e');

-- --------------------------------------------------------

--
-- Estructura de tabla para la tabla `ventas`
--

DROP TABLE IF EXISTS `ventas`;
CREATE TABLE IF NOT EXISTS `ventas` (
  `id` int NOT NULL AUTO_INCREMENT,
  `id_cliente` int NOT NULL,
  `fecha` datetime NOT NULL,
  `total` decimal(10,2) NOT NULL,
  PRIMARY KEY (`id`)
) ENGINE=MyISAM AUTO_INCREMENT=105 DEFAULT CHARSET=utf8mb4 COLLATE=utf8mb4_general_ci;

--
-- Volcado de datos para la tabla `ventas`
--

INSERT INTO `ventas` (`id`, `id_cliente`, `fecha`, `total`) VALUES
(1, 1, '2026-03-01 10:30:00', 145000.00),
(2, 5, '2026-03-03 14:20:00', 65000.00),
(3, 12, '2026-03-05 16:45:00', 320000.00),
(4, 8, '2026-03-08 11:00:00', 110000.00),
(5, 20, '2026-03-10 09:15:00', 190000.00),
(6, 3, '2026-03-12 15:30:00', 215000.00),
(7, 45, '2026-03-15 10:00:00', 340000.00),
(8, 2, '2026-03-18 12:45:00', 120000.00),
(9, 33, '2026-03-20 17:20:00', 450000.00),
(10, 14, '2026-03-22 13:10:00', 280000.00),
(11, 25, '2026-03-25 09:50:00', 160000.00),
(12, 7, '2026-03-28 14:40:00', 365000.00),
(13, 19, '2026-03-30 11:15:00', 175000.00),
(14, 4, '2026-03-31 16:00:00', 110000.00),
(15, 50, '2026-04-01 10:30:00', 280000.00),
(16, 11, '2026-04-02 14:20:00', 85000.00),
(17, 22, '2026-04-03 16:45:00', 450000.00),
(18, 9, '2026-04-05 11:00:00', 435000.00),
(19, 31, '2026-04-07 09:15:00', 270000.00),
(20, 15, '2026-04-08 15:30:00', 155000.00),
(21, 28, '2026-04-10 10:00:00', 115000.00),
(22, 36, '2026-04-12 12:45:00', 125000.00),
(23, 42, '2026-04-15 17:20:00', 850000.00),
(24, 17, '2026-04-18 13:10:00', 220000.00),
(25, 39, '2026-04-20 09:50:00', 310000.00),
(26, 48, '2026-04-22 14:40:00', 245000.00),
(27, 13, '2026-04-25 11:15:00', 135000.00),
(28, 24, '2026-04-28 16:00:00', 130000.00),
(29, 44, '2026-04-29 10:30:00', 350000.00),
(30, 6, '2026-04-30 14:20:00', 210000.00),
(31, 10, '2026-03-02 16:00:00', 190000.00),
(32, 21, '2026-03-04 11:15:00', 95000.00),
(33, 32, '2026-03-06 14:40:00', 95000.00),
(34, 43, '2026-03-09 09:50:00', 420000.00),
(35, 16, '2026-03-11 13:10:00', 240000.00),
(36, 27, '2026-03-14 17:20:00', 380000.00),
(37, 38, '2026-03-16 12:45:00', 230000.00),
(38, 49, '2026-03-19 10:00:00', 290000.00),
(39, 18, '2026-03-21 15:30:00', 140000.00),
(40, 29, '2026-03-23 09:15:00', 215000.00),
(41, 40, '2026-03-26 11:00:00', 185000.00),
(42, 23, '2026-03-29 16:45:00', 180000.00),
(43, 34, '2026-04-04 14:20:00', 195000.00),
(44, 45, '2026-04-06 10:30:00', 340000.00),
(45, 12, '2026-04-09 16:00:00', 320000.00),
(46, 25, '2026-04-11 11:15:00', 160000.00),
(47, 37, '2026-04-14 14:40:00', 260000.00),
(48, 47, '2026-04-16 09:50:00', 135000.00),
(49, 26, '2026-04-19 13:10:00', 550000.00),
(50, 30, '2026-04-21 17:20:00', 480000.00),
(51, 3, '2026-05-01 09:30:00', 210000.00),
(52, 45, '2026-05-02 11:15:00', 340000.00),
(53, 18, '2026-05-04 14:00:00', 185000.00),
(54, 22, '2026-05-05 16:45:00', 450000.00),
(55, 7, '2026-05-07 10:20:00', 365000.00),
(56, 10, '2026-05-09 13:10:00', 190000.00),
(57, 31, '2026-05-11 15:45:00', 580000.00),
(58, 2, '2026-05-12 11:30:00', 120000.00),
(59, 14, '2026-05-14 09:00:00', 280000.00),
(60, 50, '2026-05-15 17:00:00', 280000.00),
(61, 25, '2026-05-17 12:20:00', 320000.00),
(62, 33, '2026-05-19 14:40:00', 450000.00),
(63, 1, '2026-05-21 10:30:00', 145000.00),
(64, 8, '2026-05-23 16:15:00', 110000.00),
(65, 42, '2026-05-25 11:00:00', 850000.00),
(66, 19, '2026-05-27 15:50:00', 175000.00),
(67, 6, '2026-05-28 09:20:00', 210000.00),
(68, 28, '2026-05-29 13:00:00', 115000.00),
(69, 37, '2026-05-30 16:30:00', 260000.00),
(70, 12, '2026-05-31 10:45:00', 320000.00),
(71, 5, '2026-06-01 11:30:00', 130000.00),
(72, 20, '2026-06-02 15:45:00', 190000.00),
(73, 39, '2026-06-04 12:45:00', 310000.00),
(74, 48, '2026-06-05 09:50:00', 245000.00),
(75, 15, '2026-06-07 14:20:00', 155000.00),
(76, 24, '2026-06-08 17:20:00', 130000.00),
(77, 36, '2026-06-10 11:15:00', 125000.00),
(78, 44, '2026-06-12 16:00:00', 350000.00),
(79, 13, '2026-06-14 10:30:00', 135000.00),
(80, 27, '2026-06-15 13:10:00', 380000.00),
(81, 49, '2026-06-17 09:50:00', 290000.00),
(82, 16, '2026-06-19 15:30:00', 240000.00),
(83, 40, '2026-06-20 11:00:00', 185000.00),
(84, 21, '2026-06-22 14:40:00', 95000.00),
(85, 32, '2026-06-24 10:00:00', 95000.00),
(86, 43, '2026-06-25 16:45:00', 420000.00),
(87, 11, '2026-06-26 12:15:00', 85000.00),
(88, 34, '2026-06-27 15:15:00', 195000.00),
(89, 26, '2026-06-28 09:30:00', 550000.00),
(90, 30, '2026-06-29 11:00:00', 480000.00),
(91, 38, '2026-06-30 14:20:00', 230000.00),
(92, 4, '2026-05-15 10:00:00', 110000.00),
(93, 17, '2026-05-18 13:00:00', 220000.00),
(94, 23, '2026-05-22 16:30:00', 180000.00),
(95, 47, '2026-06-05 11:00:00', 135000.00),
(96, 9, '2026-06-10 09:30:00', 435000.00),
(97, 46, '2026-06-15 14:00:00', 720000.00),
(98, 29, '2026-06-20 10:30:00', 215000.00),
(99, 35, '2026-06-25 16:00:00', 580000.00),
(100, 41, '2026-06-28 12:00:00', 150000.00),
(101, 0, '2026-03-09 06:03:29', 1465000.00),
(102, 0, '2026-03-09 07:03:25', 215000.00),
(103, 60, '2026-03-09 12:05:11', 215000.00),
(104, 26, '2026-03-10 00:33:35', 505000.00);
COMMIT;

/*!40101 SET CHARACTER_SET_CLIENT=@OLD_CHARACTER_SET_CLIENT */;
/*!40101 SET CHARACTER_SET_RESULTS=@OLD_CHARACTER_SET_RESULTS */;
/*!40101 SET COLLATION_CONNECTION=@OLD_COLLATION_CONNECTION */;
